Client_ID,Account_ID,Profile_name,Profile_age,Profile_dateofbirth,Address,Corporate_Information
"bdd640fb,6c307511,Amber Perez,58,1973-07-21,""884 Hurst Locks, Jeffreyberg, NM 12416"",Pearson PLC"
"23b8c1e9,371ecd7b,Bobby Hall,25,1997-10-16,""26916 Carlson Mountain, Tashatown, VA 15515"",Novak and Sons"
"bd9c66b3,1a2a73ed,Donald Reid,19,1980-08-10,""514 Moore Alley Suite 828, Port Colleenhaven, ID 20533"",Russell Group"
"972a8469,5be6128e,Jacob Clark,65,1973-08-30,""809 Burns Creek, Natashaport, AR 32072"",Hancock Inc"
"17fc695a,43b7a3a6,Timothy Wong,35,2003-10-19,""71822 Arroyo Expressway, Allisonchester, ND 99495"",Gray Group"
"9a1de644,759cde66,Carolyn Daniel,33,1993-03-02,""465 Lam Mission, East Jeffreymouth, OR 73104"",House-Glover"
"b74d0fb1,ec1b8ca1,James Mayo,32,1986-02-12,""10310 Jones Freeway, Elizabethborough, DC 95312"",Henderson-Bernard"
"6b65a6a4,4b0dbb41,Kristin Cohen,26,2002-12-10,""USCGC Sanchez, FPO AA 53855"",""Stanley, Tucker and Lee"""
"47378190,e2acf72f,Patty Perez,65,1990-06-02,""656 Owens Stream, Lake Deniseville, MO 95949"",Novak PLC"
"c241330b,3139d32c,Ethan Adams,24,1968-12-01,""33872 White Mountain, Port Sandra, OH 13334"",""Daniels, Adkins and Brown"""
